txn_id_hash,platform_user_id_hash,partner_id_hash,txn_date_week,hour_of_day,net_amount_rounded,currency,merchant_cluster,category,channel,state,age_band,income_band,created_at
e9e841ce3e0124df16a17d417abd8787b9e83c040df84db9cf36dfb0cb9f3b9c,6a6fdeeb2c7ca63cf80790552a13120695bd6cedee38092566df589cd6563dc0,746cfe6119ab6c87f7d185ccccc9e45eee18f2a4177524b9cf33fbb47fd6ca1e,2025-08-11,19,-270.0,USD,DELTA AIR,TRAVEL,ECOM,CA,18–24,25–50k,2025-10-20 17:30:29
5f1d617f7e37bf3236812e5b62984e41903a4a7e9f4bd553fdc83462690a6186,6a6fdeeb2c7ca63cf80790552a13120695bd6cedee38092566df589cd6563dc0,746cfe6119ab6c87f7d185ccccc9e45eee18f2a4177524b9cf33fbb47fd6ca1e,2025-10-13,23,-80.0,USD,VERIZON,UTILITIES,ECOM,CA,18–24,25–50k,2025-10-20 17:30:29
434e041ed5a21a00bbe974f80777a20fd4f68d180562948294ec4e5c5c851c78,6a6fdeeb2c7ca63cf80790552a13120695bd6cedee38092566df589cd6563dc0,746cfe6119ab6c87f7d185ccccc9e45eee18f2a4177524b9cf33fbb47fd6ca1e,2025-10-06,19,-350.0,USD,UNITED AIR,TRAVEL,ECOM,CA,18–24,25–50k,2025-10-20 17:30:29
04e47c81d9e0176ccefcb410d54ee5ad81881a2ed99317599153791c4cfb70e5,6a6fdeeb2c7ca63cf80790552a13120695bd6cedee38092566df589cd6563dc0,746cfe6119ab6c87f7d185ccccc9e45eee18f2a4177524b9cf33fbb47fd6ca1e,2025-10-20,8,-12.62,USD,WALMART,GROCERIES,POS,CA,18–24,25–50k,2025-10-20 17:30:29
dff124ba9cf9d084d806484b7696f31b25be65bca9f8e9078fbd66d1b819088e,6a6fdeeb2c7ca63cf80790552a13120695bd6cedee38092566df589cd6563dc0,746cfe6119ab6c87f7d185ccccc9e45eee18f2a4177524b9cf33fbb47fd6ca1e,2025-10-13,9,-10.4,USD,MCDONALDS,DINING,POS,CA,18–24,25–50k,2025-10-20 17:30:29
c351d21a512a91c74cbd11b953a64cac63e616a76659cf9b5076b60eb8a663bd,6a6fdeeb2c7ca63cf80790552a13120695bd6cedee38092566df589cd6563dc0,746cfe6119ab6c87f7d185ccccc9e45eee18f2a4177524b9cf33fbb47fd6ca1e,2025-08-11,8,1400.0,USD,ACME PAYROLL,INCOME,ACH,CA,18–24,25–50k,2025-10-20 17:30:29
a7215384d20e9760821574f4318ce36bf977b6179c57936c62f68960ee4aacb7,6a6fdeeb2c7ca63cf80790552a13120695bd6cedee38092566df589cd6563dc0,746cfe6119ab6c87f7d185ccccc9e45eee18f2a4177524b9cf33fbb47fd6ca1e,2025-08-25,18,-80.0,USD,AMAZON,SHOPPING,ECOM,CA,18–24,25–50k,2025-10-20 17:30:29
f3458a0cbb4c0d62a2e3ddcb43e3268d01899d84dd155b5d61ba43cbe0c6173f,6a6fdeeb2c7ca63cf80790552a13120695bd6cedee38092566df589cd6563dc0,746cfe6119ab6c87f7d185ccccc9e45eee18f2a4177524b9cf33fbb47fd6ca1e,2025-09-15,15,-22.1,USD,UBER,TRANSPORT,ECOM,CA,18–24,25–50k,2025-10-20 17:30:29
71ae6317b338e561ed506e49d3c5b23ca7fd49cc396511d10324276f05f41b64,6a6fdeeb2c7ca63cf80790552a13120695bd6cedee38092566df589cd6563dc0,746cfe6119ab6c87f7d185ccccc9e45eee18f2a4177524b9cf33fbb47fd6ca1e,2025-09-22,18,-11.02,USD,SPOTIFY,ENTERTAINMENT,ECOM,CA,18–24,25–50k,2025-10-20 17:30:29
dba5449fa75658970f151e3458f1dfa117408bc01f76383f1e2f123f1f01c7b2,6a6fdeeb2c7ca63cf80790552a13120695bd6cedee38092566df589cd6563dc0,746cfe6119ab6c87f7d185ccccc9e45eee18f2a4177524b9cf33fbb47fd6ca1e,2025-08-18,20,-440.0,USD,UNITED AIR,TRAVEL,ECOM,CA,18–24,25–50k,2025-10-20 17:30:29
87da54aa95c702192855c825522fed0ecf125769575ee3052ec792b6f1a79de6,6a6fdeeb2c7ca63cf80790552a13120695bd6cedee38092566df589cd6563dc0,746cfe6119ab6c87f7d185ccccc9e45eee18f2a4177524b9cf33fbb47fd6ca1e,2025-09-08,16,-430.0,USD,UNITED AIR,TRAVEL,ECOM,CA,18–24,25–50k,2025-10-20 17:30:29
c9c1b1c5b2c4acf78eadd9c9602d5c6ed28998c8276716843bca409f14e7e664,6a6fdeeb2c7ca63cf80790552a13120695bd6cedee38092566df589cd6563dc0,746cfe6119ab6c87f7d185ccccc9e45eee18f2a4177524b9cf33fbb47fd6ca1e,2025-10-13,12,-16.03,USD,WALMART,GROCERIES,POS,CA,18–24,25–50k,2025-10-20 17:30:29
f46a950c42c292d6b40aa740000f6ef66f1201b31da619e41a073a0dda588c8a,6a6fdeeb2c7ca63cf80790552a13120695bd6cedee38092566df589cd6563dc0,746cfe6119ab6c87f7d185ccccc9e45eee18f2a4177524b9cf33fbb47fd6ca1e,2025-10-06,20,-70.0,USD,AMAZON,SHOPPING,ECOM,CA,18–24,25–50k,2025-10-20 17:30:29
3a5ce18e46e8de02f3315ef3cdb2bece72a32991e5282f2ce430e28a99f1e948,6a6fdeeb2c7ca63cf80790552a13120695bd6cedee38092566df589cd6563dc0,746cfe6119ab6c87f7d185ccccc9e45eee18f2a4177524b9cf33fbb47fd6ca1e,2025-09-29,19,-130.0,USD,WHOLE FOODS,GROCERIES,POS,CA,18–24,25–50k,2025-10-20 17:30:29
502188a51607932385e2612df7aeaffe4d130aa0cccfa628e4aee61c0408dfdb,6a6fdeeb2c7ca63cf80790552a13120695bd6cedee38092566df589cd6563dc0,746cfe6119ab6c87f7d185ccccc9e45eee18f2a4177524b9cf33fbb47fd6ca1e,2025-08-18,20,-16.01,USD,NETFLIX,ENTERTAINMENT,ECOM,CA,18–24,25–50k,2025-10-20 17:30:29
58e1be99ac4bcb0e71898ecf19b5e44cc89d2d87857baf9468786a8936dbe293,6a6fdeeb2c7ca63cf80790552a13120695bd6cedee38092566df589cd6563dc0,746cfe6119ab6c87f7d185ccccc9e45eee18f2a4177524b9cf33fbb47fd6ca1e,2025-08-11,8,1275.0,USD,ACME PAYROLL,INCOME,ACH,CA,18–24,25–50k,2025-10-20 17:30:29
2a7cd9a2a9cbfe3a51bef2ebd8eb24027e618138a7fbdf4b0d6eca76ab4d3ad1,6a6fdeeb2c7ca63cf80790552a13120695bd6cedee38092566df589cd6563dc0,746cfe6119ab6c87f7d185ccccc9e45eee18f2a4177524b9cf33fbb47fd6ca1e,2025-10-13,19,-11.01,USD,SPOTIFY,ENTERTAINMENT,ECOM,CA,18–24,25–50k,2025-10-20 17:30:29
dfd1ef3e8d8e34bf806fd34bacaea13dc6a780570b593248d4e46df1385653a7,6a6fdeeb2c7ca63cf80790552a13120695bd6cedee38092566df589cd6563dc0,746cfe6119ab6c87f7d185ccccc9e45eee18f2a4177524b9cf33fbb47fd6ca1e,2025-10-13,23,-16.01,USD,NETFLIX,ENTERTAINMENT,ECOM,CA,18–24,25–50k,2025-10-20 17:30:29
3f0c6e861a1c14967f9c513e8c3c6aeda15873a5e88ac2a2c08e7d25b98fde6b,6a6fdeeb2c7ca63cf80790552a13120695bd6cedee38092566df589cd6563dc0,746cfe6119ab6c87f7d185ccccc9e45eee18f2a4177524b9cf33fbb47fd6ca1e,2025-08-04,17,-110.0,USD,CONED,UTILITIES,ECOM,CA,18–24,25–50k,2025-10-20 17:30:29
02490065373c757ff66cf1b7c500f5ed2c2637c40b61bfdee5a2628b05c6737d,6a6fdeeb2c7ca63cf80790552a13120695bd6cedee38092566df589cd6563dc0,746cfe6119ab6c87f7d185ccccc9e45eee18f2a4177524b9cf33fbb47fd6ca1e,2025-08-04,16,-15.99,USD,NETFLIX,ENTERTAINMENT,ECOM,CA,18–24,25–50k,2025-10-20 17:30:29
eaa4227e29df302c73c4b27d9bdf17a5307607cd5a3ea36b94b10a51e033fdb2,6a6fdeeb2c7ca63cf80790552a13120695bd6cedee38092566df589cd6563dc0,746cfe6119ab6c87f7d185ccccc9e45eee18f2a4177524b9cf33fbb47fd6ca1e,2025-09-15,15,-100.0,USD,CONED,UTILITIES,ECOM,CA,18–24,25–50k,2025-10-20 17:30:29
9d2212c483013df28e9eb5c50e75f1e6b73f0645ea11425bb4f8caef07b464c0,6a6fdeeb2c7ca63cf80790552a13120695bd6cedee38092566df589cd6563dc0,746cfe6119ab6c87f7d185ccccc9e45eee18f2a4177524b9cf33fbb47fd6ca1e,2025-08-11,20,-11.01,USD,SPOTIFY,ENTERTAINMENT,ECOM,CA,18–24,25–50k,2025-10-20 17:30:29
7032592a78b980c0145e1661657bf68398a1f37048dd05834e5d3c7f4f54ef8f,6a6fdeeb2c7ca63cf80790552a13120695bd6cedee38092566df589cd6563dc0,746cfe6119ab6c87f7d185ccccc9e45eee18f2a4177524b9cf33fbb47fd6ca1e,2025-10-06,19,-37.85,USD,WALMART,GROCERIES,POS,CA,18–24,25–50k,2025-10-20 17:30:29
7def6e05ddbe6c05bec3bee877b1458f73df641120bff933a440e7a078f5e547,6a6fdeeb2c7ca63cf80790552a13120695bd6cedee38092566df589cd6563dc0,746cfe6119ab6c87f7d185ccccc9e45eee18f2a4177524b9cf33fbb47fd6ca1e,2025-08-25,19,-105.0,USD,CONED,UTILITIES,ECOM,CA,18–24,25–50k,2025-10-20 17:30:29
eeca85e3289efce1aa14187d1e7a540e766f1dcb31418432ec5e8f9fe5962407,6a6fdeeb2c7ca63cf80790552a13120695bd6cedee38092566df589cd6563dc0,746cfe6119ab6c87f7d185ccccc9e45eee18f2a4177524b9cf33fbb47fd6ca1e,2025-08-11,5,825.0,USD,IRS TAX REFUND,INCOME,ACH,CA,18–24,25–50k,2025-10-20 17:30:29
1476d5029dac7dc84d8f49d3cdf901a0d9e10b9f8c5b59f3c000b92f44065f30,6a6fdeeb2c7ca63cf80790552a13120695bd6cedee38092566df589cd6563dc0,746cfe6119ab6c87f7d185ccccc9e45eee18f2a4177524b9cf33fbb47fd6ca1e,2025-08-11,6,1350.0,USD,ACME PAYROLL,INCOME,ACH,CA,18–24,25–50k,2025-10-20 17:30:29
61d80f9f155e396ac3f5017ab663c0467e2ae82ae0141b7097ed2dfd7c7543ad,6a6fdeeb2c7ca63cf80790552a13120695bd6cedee38092566df589cd6563dc0,746cfe6119ab6c87f7d185ccccc9e45eee18f2a4177524b9cf33fbb47fd6ca1e,2025-09-01,20,-13.43,USD,LYFT,TRANSPORT,ECOM,CA,18–24,25–50k,2025-10-20 17:30:29
960b928f7a16023693343370cfe33b51f3bdb27260e4cecd746380c907545435,6a6fdeeb2c7ca63cf80790552a13120695bd6cedee38092566df589cd6563dc0,746cfe6119ab6c87f7d185ccccc9e45eee18f2a4177524b9cf33fbb47fd6ca1e,2025-08-25,20,-41.63,USD,LYFT,TRANSPORT,ECOM,CA,18–24,25–50k,2025-10-20 17:30:29
c527ee978c6656f835ab458353e5614a158259827749463bbc82fe086fd414c9,6a6fdeeb2c7ca63cf80790552a13120695bd6cedee38092566df589cd6563dc0,746cfe6119ab6c87f7d185ccccc9e45eee18f2a4177524b9cf33fbb47fd6ca1e,2025-10-20,18,-11.0,USD,SPOTIFY,ENTERTAINMENT,ECOM,CA,18–24,25–50k,2025-10-20 17:30:29
bbf067f64016d80ee9c93c7de55746c858c04fea851eeca758ad06f661f58b62,6a6fdeeb2c7ca63cf80790552a13120695bd6cedee38092566df589cd6563dc0,746cfe6119ab6c87f7d185ccccc9e45eee18f2a4177524b9cf33fbb47fd6ca1e,2025-10-06,7,-1675.0,USD,RENT,HOUSING,ACH,CA,18–24,25–50k,2025-10-20 17:30:29
fc1ae9c2de4f076d6c5df456075de80ac90e3dd52c20d631398041e690cfcd18,6a6fdeeb2c7ca63cf80790552a13120695bd6cedee38092566df589cd6563dc0,746cfe6119ab6c87f7d185ccccc9e45eee18f2a4177524b9cf33fbb47fd6ca1e,2025-09-08,17,-210.0,USD,DELTA AIR,TRAVEL,ECOM,CA,18–24,25–50k,2025-10-20 17:30:29
1b78283c093a0883f45393a1c464a90e25efa90c84c4d51334332c3dcadf1812,6a6fdeeb2c7ca63cf80790552a13120695bd6cedee38092566df589cd6563dc0,746cfe6119ab6c87f7d185ccccc9e45eee18f2a4177524b9cf33fbb47fd6ca1e,2025-08-18,20,-16.0,USD,NETFLIX,ENTERTAINMENT,ECOM,CA,18–24,25–50k,2025-10-20 17:30:29
e743c3cefef5f6fefa71a986d72662cfaa54c6cc2be4985d16c19769b67b6385,6a6fdeeb2c7ca63cf80790552a13120695bd6cedee38092566df589cd6563dc0,746cfe6119ab6c87f7d185ccccc9e45eee18f2a4177524b9cf33fbb47fd6ca1e,2025-09-22,8,-10.61,USD,OTHER_MERCHANT,OTHER,POS,CA,18–24,25–50k,2025-10-20 17:30:29
78bb8e4e03e081bfcf19303e60e3daeb491a2925003712a28014573f65ef9b03,6a6fdeeb2c7ca63cf80790552a13120695bd6cedee38092566df589cd6563dc0,746cfe6119ab6c87f7d185ccccc9e45eee18f2a4177524b9cf33fbb47fd6ca1e,2025-08-11,9,-17.88,USD,MCDONALDS,DINING,POS,CA,18–24,25–50k,2025-10-20 17:30:29
3bf4091a12a143821325c767a2ab51e9323c26662dc7e1c71e0ef296825e801c,6a6fdeeb2c7ca63cf80790552a13120695bd6cedee38092566df589cd6563dc0,746cfe6119ab6c87f7d185ccccc9e45eee18f2a4177524b9cf33fbb47fd6ca1e,2025-10-13,13,-85.0,USD,WHOLE FOODS,GROCERIES,POS,CA,18–24,25–50k,2025-10-20 17:30:29
dc2ffe9a4b21fd22436794d1e228376ae92ed7efd7b0d656c562b1cef7466ca3,6a6fdeeb2c7ca63cf80790552a13120695bd6cedee38092566df589cd6563dc0,746cfe6119ab6c87f7d185ccccc9e45eee18f2a4177524b9cf33fbb47fd6ca1e,2025-09-15,17,-100.0,USD,AMAZON,SHOPPING,ECOM,CA,18–24,25–50k,2025-10-20 17:30:29
19c86e3bfb7aed37cd53f7847be97d3965455785da714c17283f661d296b15b4,6a6fdeeb2c7ca63cf80790552a13120695bd6cedee38092566df589cd6563dc0,746cfe6119ab6c87f7d185ccccc9e45eee18f2a4177524b9cf33fbb47fd6ca1e,2025-10-06,23,-225.0,USD,DELTA AIR,TRAVEL,ECOM,CA,18–24,25–50k,2025-10-20 17:30:29
871deb89057708f11a91db3b283cde8d14972e165410f4195f819f5fd2079109,6a6fdeeb2c7ca63cf80790552a13120695bd6cedee38092566df589cd6563dc0,746cfe6119ab6c87f7d185ccccc9e45eee18f2a4177524b9cf33fbb47fd6ca1e,2025-08-11,9,1475.0,USD,ACME PAYROLL,INCOME,ACH,CA,18–24,25–50k,2025-10-20 17:30:29
9d6b7dee5f5086fb55ea71a6809985c061491d09277d4ef6f59fbae6cd22f1ed,6a6fdeeb2c7ca63cf80790552a13120695bd6cedee38092566df589cd6563dc0,746cfe6119ab6c87f7d185ccccc9e45eee18f2a4177524b9cf33fbb47fd6ca1e,2025-10-13,19,-10.55,USD,STARBUCKS,DINING,POS,CA,18–24,25–50k,2025-10-20 17:30:29
ec23cb3a7a12418af4c314d09c4ebab202f3651bc73b150e2e1701387ef74d58,6a6fdeeb2c7ca63cf80790552a13120695bd6cedee38092566df589cd6563dc0,746cfe6119ab6c87f7d185ccccc9e45eee18f2a4177524b9cf33fbb47fd6ca1e,2025-10-13,20,-32.74,USD,UBER,TRANSPORT,ECOM,CA,18–24,25–50k,2025-10-20 17:30:29
e2441e41770491bfcbd253868f01ea08ee6a5cdc623e6a55edcb4c0e794b2955,19d188b5160d42393114b3891f2ecabc9492278bb726dd5686dd82f0274174ef,ddf7cd78120984bc0f6af1374468ec45b14f558db865cdd58df38a63a3b010bc,2025-08-11,19,-48.48,USD,CONED,UTILITIES,ECOM,TX,45–54,50–75k,2025-10-20 17:30:29
6a19a6eedcf81c1afc29383ca50d8a7e3f372fa78b293ccfa124ad07ca88d864,19d188b5160d42393114b3891f2ecabc9492278bb726dd5686dd82f0274174ef,ddf7cd78120984bc0f6af1374468ec45b14f558db865cdd58df38a63a3b010bc,2025-09-15,13,-70.0,USD,VERIZON,UTILITIES,ECOM,TX,45–54,50–75k,2025-10-20 17:30:29
8d378e6f256018939ce99f21abc1c18fe15be3054e52c6eca703438d5c96b940,19d188b5160d42393114b3891f2ecabc9492278bb726dd5686dd82f0274174ef,ddf7cd78120984bc0f6af1374468ec45b14f558db865cdd58df38a63a3b010bc,2025-09-22,8,-50.0,USD,WHOLE FOODS,GROCERIES,POS,TX,45–54,50–75k,2025-10-20 17:30:29
704c875e798af6ab77a0d185a5a078ab2f588df2a5b2617005689cd5765c0d75,19d188b5160d42393114b3891f2ecabc9492278bb726dd5686dd82f0274174ef,ddf7cd78120984bc0f6af1374468ec45b14f558db865cdd58df38a63a3b010bc,2025-09-29,19,-11.0,USD,SPOTIFY,ENTERTAINMENT,ECOM,TX,45–54,50–75k,2025-10-20 17:30:29
74cbb492b6cbb7cc088eaef90bfa3b468666694c29e50ff0b04d3702a4f584bb,19d188b5160d42393114b3891f2ecabc9492278bb726dd5686dd82f0274174ef,ddf7cd78120984bc0f6af1374468ec45b14f558db865cdd58df38a63a3b010bc,2025-09-29,8,-75.0,USD,WHOLE FOODS,GROCERIES,POS,TX,45–54,50–75k,2025-10-20 17:30:29
686c694d298e14f538cf51e695908c27a9c3703f04e8bff7f22409ab25c2745a,19d188b5160d42393114b3891f2ecabc9492278bb726dd5686dd82f0274174ef,ddf7cd78120984bc0f6af1374468ec45b14f558db865cdd58df38a63a3b010bc,2025-09-01,7,1100.0,USD,ACME PAYROLL,INCOME,ACH,TX,45–54,50–75k,2025-10-20 17:30:29
a1d160e40286092f2d3a26ef0949eb500b8622d876586d2cca8022c7eefca986,19d188b5160d42393114b3891f2ecabc9492278bb726dd5686dd82f0274174ef,ddf7cd78120984bc0f6af1374468ec45b14f558db865cdd58df38a63a3b010bc,2025-10-06,9,-26.07,USD,OTHER_MERCHANT,OTHER,POS,TX,45–54,50–75k,2025-10-20 17:30:29
376087aa660f6cdbccc75f641dca45409e05610baf182fda5a85c7a70830e8b1,19d188b5160d42393114b3891f2ecabc9492278bb726dd5686dd82f0274174ef,ddf7cd78120984bc0f6af1374468ec45b14f558db865cdd58df38a63a3b010bc,2025-09-08,18,-9.22,USD,LYFT,TRANSPORT,ECOM,TX,45–54,50–75k,2025-10-20 17:30:29
c882e80da603c32be8716bcb1952ffdac30b9fcdff2ac42bb0f9915904f8e6d8,19d188b5160d42393114b3891f2ecabc9492278bb726dd5686dd82f0274174ef,ddf7cd78120984bc0f6af1374468ec45b14f558db865cdd58df38a63a3b010bc,2025-09-29,20,-110.0,USD,WHOLE FOODS,GROCERIES,POS,TX,45–54,50–75k,2025-10-20 17:30:29
32b0f67bbe2fa29cd038ac241e8a301abab7883be067bc59ebefa5a23b74aa80,19d188b5160d42393114b3891f2ecabc9492278bb726dd5686dd82f0274174ef,ddf7cd78120984bc0f6af1374468ec45b14f558db865cdd58df38a63a3b010bc,2025-08-04,18,-47.54,USD,OTHER_MERCHANT,OTHER,POS,TX,45–54,50–75k,2025-10-20 17:30:29
ce4b5ff86631e0a4582725053000e2ed177bee4fd26fd9898ea500056092a6ec,19d188b5160d42393114b3891f2ecabc9492278bb726dd5686dd82f0274174ef,ddf7cd78120984bc0f6af1374468ec45b14f558db865cdd58df38a63a3b010bc,2025-09-22,20,-75.0,USD,CONED,UTILITIES,ECOM,TX,45–54,50–75k,2025-10-20 17:30:29
3ca029685029668295d787f0bdc9bda7a5fe00138530c1da6bba2a857cb22686,19d188b5160d42393114b3891f2ecabc9492278bb726dd5686dd82f0274174ef,ddf7cd78120984bc0f6af1374468ec45b14f558db865cdd58df38a63a3b010bc,2025-08-11,12,-14.12,USD,STARBUCKS,DINING,POS,TX,45–54,50–75k,2025-10-20 17:30:29
27d05219a7c6bca797eba3a3a9bb4a87edbf7cbf5051b8a769a03f193f504168,19d188b5160d42393114b3891f2ecabc9492278bb726dd5686dd82f0274174ef,ddf7cd78120984bc0f6af1374468ec45b14f558db865cdd58df38a63a3b010bc,2025-08-25,20,-80.0,USD,VERIZON,UTILITIES,ECOM,TX,45–54,50–75k,2025-10-20 17:30:29
2d61f016ac7fb6f2e565d051ccf9d8e133fc860f1ebe626437f2b809e1ca3a7d,19d188b5160d42393114b3891f2ecabc9492278bb726dd5686dd82f0274174ef,ddf7cd78120984bc0f6af1374468ec45b14f558db865cdd58df38a63a3b010bc,2025-08-25,18,-9.19,USD,MCDONALDS,DINING,POS,TX,45–54,50–75k,2025-10-20 17:30:29
f61f023e0a3e39e4d49d6be44f12a2a4d2ca2390d60f36d429acf7ee193ea94d,19d188b5160d42393114b3891f2ecabc9492278bb726dd5686dd82f0274174ef,ddf7cd78120984bc0f6af1374468ec45b14f558db865cdd58df38a63a3b010bc,2025-08-11,19,-85.0,USD,AMAZON,SHOPPING,ECOM,TX,45–54,50–75k,2025-10-20 17:30:29
c64354410613cb420c191e8aaee24024f500dae18938566f58f926e7f261fb5e,19d188b5160d42393114b3891f2ecabc9492278bb726dd5686dd82f0274174ef,ddf7cd78120984bc0f6af1374468ec45b14f558db865cdd58df38a63a3b010bc,2025-09-29,5,800.0,USD,IRS TAX REFUND,INCOME,ACH,TX,45–54,50–75k,2025-10-20 17:30:29
0b1cc04a0bb06d15510a5a45192045af89ca8b90d35db112e35de1e29e99e659,19d188b5160d42393114b3891f2ecabc9492278bb726dd5686dd82f0274174ef,ddf7cd78120984bc0f6af1374468ec45b14f558db865cdd58df38a63a3b010bc,2025-08-18,20,-21.04,USD,LYFT,TRANSPORT,ECOM,TX,45–54,50–75k,2025-10-20 17:30:29
2721c31a124ca1072c514627801886a3105b50377ebf5f91774b841c412eaa66,19d188b5160d42393114b3891f2ecabc9492278bb726dd5686dd82f0274174ef,ddf7cd78120984bc0f6af1374468ec45b14f558db865cdd58df38a63a3b010bc,2025-09-29,7,900.0,USD,IRS TAX REFUND,INCOME,ACH,TX,45–54,50–75k,2025-10-20 17:30:29
2869a0d06dbc5dbf69463bd779cfb22c38e65fa830a6edac24860817d1840875,19d188b5160d42393114b3891f2ecabc9492278bb726dd5686dd82f0274174ef,ddf7cd78120984bc0f6af1374468ec45b14f558db865cdd58df38a63a3b010bc,2025-09-29,18,-11.01,USD,SPOTIFY,ENTERTAINMENT,ECOM,TX,45–54,50–75k,2025-10-20 17:30:29
677b9038ebb0293b82112cc9dbee7b5510537cba7219d28837455f5db1df68a6,19d188b5160d42393114b3891f2ecabc9492278bb726dd5686dd82f0274174ef,ddf7cd78120984bc0f6af1374468ec45b14f558db865cdd58df38a63a3b010bc,2025-08-25,5,-1875.0,USD,RENT,HOUSING,ACH,TX,45–54,50–75k,2025-10-20 17:30:29
5b7254a4f4c24648c5d352831cd4f27c210d05bea33d5a7cd9aa63686041f43f,19d188b5160d42393114b3891f2ecabc9492278bb726dd5686dd82f0274174ef,ddf7cd78120984bc0f6af1374468ec45b14f558db865cdd58df38a63a3b010bc,2025-10-20,12,-65.0,USD,WALMART,GROCERIES,POS,TX,45–54,50–75k,2025-10-20 17:30:29
71ef9d0231393b38db2948285d771e7dc97ff1c7009fd1ed19a964649f20d934,19d188b5160d42393114b3891f2ecabc9492278bb726dd5686dd82f0274174ef,ddf7cd78120984bc0f6af1374468ec45b14f558db865cdd58df38a63a3b010bc,2025-10-13,23,-285.0,USD,DELTA AIR,TRAVEL,ECOM,TX,45–54,50–75k,2025-10-20 17:30:29
84f60f8ef82abc374dde850fd4d06d31ba535876d3aae908bc2148a2f03710b6,19d188b5160d42393114b3891f2ecabc9492278bb726dd5686dd82f0274174ef,ddf7cd78120984bc0f6af1374468ec45b14f558db865cdd58df38a63a3b010bc,2025-09-22,20,-300.0,USD,UNITED AIR,TRAVEL,ECOM,TX,45–54,50–75k,2025-10-20 17:30:29
17dae17a446ba0eca5dabb1741dbd4c8931e86c433ea1495e6ebf8fd7e58a174,19d188b5160d42393114b3891f2ecabc9492278bb726dd5686dd82f0274174ef,ddf7cd78120984bc0f6af1374468ec45b14f558db865cdd58df38a63a3b010bc,2025-09-22,8,-36.86,USD,OTHER_MERCHANT,OTHER,POS,TX,45–54,50–75k,2025-10-20 17:30:29
2f138f762204b73bf0dcdbe4c4d0aaeffe461f6dfb31fa9b1587adb7f77c6a2a,19d188b5160d42393114b3891f2ecabc9492278bb726dd5686dd82f0274174ef,ddf7cd78120984bc0f6af1374468ec45b14f558db865cdd58df38a63a3b010bc,2025-08-25,19,-16.02,USD,NETFLIX,ENTERTAINMENT,ECOM,TX,45–54,50–75k,2025-10-20 17:30:29
be54b5ed62652646e7c79f1dc76d4ff7f0aa57c82ded7f2d863fb749b986543c,19d188b5160d42393114b3891f2ecabc9492278bb726dd5686dd82f0274174ef,ddf7cd78120984bc0f6af1374468ec45b14f558db865cdd58df38a63a3b010bc,2025-09-29,11,1500.0,USD,ACME PAYROLL,INCOME,ACH,TX,45–54,50–75k,2025-10-20 17:30:29
10374370e0d5e18293bcac25777d761a1990bc922524772aa677433a140a74fe,19d188b5160d42393114b3891f2ecabc9492278bb726dd5686dd82f0274174ef,ddf7cd78120984bc0f6af1374468ec45b14f558db865cdd58df38a63a3b010bc,2025-08-04,20,-120.0,USD,CONED,UTILITIES,ECOM,TX,45–54,50–75k,2025-10-20 17:30:29
eea9681ea9dbeb83db3fe2d59879d4df26c7b14e6861a73fb45a04ef69e37e0e,19d188b5160d42393114b3891f2ecabc9492278bb726dd5686dd82f0274174ef,ddf7cd78120984bc0f6af1374468ec45b14f558db865cdd58df38a63a3b010bc,2025-10-06,17,-16.0,USD,NETFLIX,ENTERTAINMENT,ECOM,TX,45–54,50–75k,2025-10-20 17:30:29
30c64d97e60ba65ebdffccf47b4da9d2e1abbb549c186ced82de0ed42385a1d8,19d188b5160d42393114b3891f2ecabc9492278bb726dd5686dd82f0274174ef,ddf7cd78120984bc0f6af1374468ec45b14f558db865cdd58df38a63a3b010bc,2025-08-04,21,-15.99,USD,NETFLIX,ENTERTAINMENT,ECOM,TX,45–54,50–75k,2025-10-20 17:30:29
4ec030d44e4389f68b52ffcb49aef8709b1e79182523e956f4f5513777823118,19d188b5160d42393114b3891f2ecabc9492278bb726dd5686dd82f0274174ef,ddf7cd78120984bc0f6af1374468ec45b14f558db865cdd58df38a63a3b010bc,2025-10-20,17,-41.27,USD,AMAZON,SHOPPING,ECOM,TX,45–54,50–75k,2025-10-20 17:30:29
74169fee94a4f27c9f6b67e8fd3ec9bc179e911994043d61ae46299b6303ef78,19d188b5160d42393114b3891f2ecabc9492278bb726dd5686dd82f0274174ef,ddf7cd78120984bc0f6af1374468ec45b14f558db865cdd58df38a63a3b010bc,2025-08-25,8,-6.58,USD,MCDONALDS,DINING,POS,TX,45–54,50–75k,2025-10-20 17:30:29
1d9d61a3e70e57d25944ba07094454a7bda27c8d81eef953c6e034bf666a2fb0,19d188b5160d42393114b3891f2ecabc9492278bb726dd5686dd82f0274174ef,ddf7cd78120984bc0f6af1374468ec45b14f558db865cdd58df38a63a3b010bc,2025-09-08,8,-23.41,USD,MCDONALDS,DINING,POS,TX,45–54,50–75k,2025-10-20 17:30:29
7383c1b729a7880142499b5a0d5ca2c601b978741bd982947d2db0a51bf54e30,19d188b5160d42393114b3891f2ecabc9492278bb726dd5686dd82f0274174ef,ddf7cd78120984bc0f6af1374468ec45b14f558db865cdd58df38a63a3b010bc,2025-08-25,12,-20.33,USD,OTHER_MERCHANT,OTHER,POS,TX,45–54,50–75k,2025-10-20 17:30:29
a21fde767489d50c6bdfcd986862b3a0467660519e2a06fb3c0f4f4bf532d1ec,19d188b5160d42393114b3891f2ecabc9492278bb726dd5686dd82f0274174ef,ddf7cd78120984bc0f6af1374468ec45b14f558db865cdd58df38a63a3b010bc,2025-09-29,6,1450.0,USD,IRS TAX REFUND,INCOME,ACH,TX,45–54,50–75k,2025-10-20 17:30:29
2b4ff0878ec1e8913f9cd249a6b778174bab8578a94fba719df1a3519f380559,19d188b5160d42393114b3891f2ecabc9492278bb726dd5686dd82f0274174ef,ddf7cd78120984bc0f6af1374468ec45b14f558db865cdd58df38a63a3b010bc,2025-10-20,20,-29.66,USD,LYFT,TRANSPORT,ECOM,TX,45–54,50–75k,2025-10-20 17:30:29
0ecd12197f192fc26fa674847839baf4f18f22ced6895f5e16dd2619881eac8e,19d188b5160d42393114b3891f2ecabc9492278bb726dd5686dd82f0274174ef,ddf7cd78120984bc0f6af1374468ec45b14f558db865cdd58df38a63a3b010bc,2025-09-29,5,775.0,USD,IRS TAX REFUND,INCOME,ACH,TX,45–54,50–75k,2025-10-20 17:30:29
6f12f785b3e55447293db53829c9726ef9f86267baeeab357bf5348628828e0f,19d188b5160d42393114b3891f2ecabc9492278bb726dd5686dd82f0274174ef,ddf7cd78120984bc0f6af1374468ec45b14f558db865cdd58df38a63a3b010bc,2025-09-01,5,925.0,USD,IRS TAX REFUND,INCOME,ACH,TX,45–54,50–75k,2025-10-20 17:30:29
a946b92356a90c25a4a7240c209d3e898e1d9eef03fd09d617155fe137a09951,19d188b5160d42393114b3891f2ecabc9492278bb726dd5686dd82f0274174ef,ddf7cd78120984bc0f6af1374468ec45b14f558db865cdd58df38a63a3b010bc,2025-08-11,8,-45.79,USD,WALMART,GROCERIES,POS,TX,45–54,50–75k,2025-10-20 17:30:29
78ae1a479d15bd5a50c0914821eed871d9226eac79d7a952f472011391ed6b16,19d188b5160d42393114b3891f2ecabc9492278bb726dd5686dd82f0274174ef,ddf7cd78120984bc0f6af1374468ec45b14f558db865cdd58df38a63a3b010bc,2025-09-08,8,-1975.0,USD,RENT,HOUSING,ACH,TX,45–54,50–75k,2025-10-20 17:30:29
c2a897180bb3dffe9abe88bdf3dc5da7c0a5de96611f1817b127dbc6c5153e29,19d188b5160d42393114b3891f2ecabc9492278bb726dd5686dd82f0274174ef,ddf7cd78120984bc0f6af1374468ec45b14f558db865cdd58df38a63a3b010bc,2025-09-15,6,-1950.0,USD,RENT,HOUSING,ACH,TX,45–54,50–75k,2025-10-20 17:30:29
207901eb3bb25bda8bcd3f01921cf8d49885d2fb3ad188746f193344dc09573f,2204a4a696a741e9b168fac44d638345a43753fa3eaefa90e59cefcd0573f808,746cfe6119ab6c87f7d185ccccc9e45eee18f2a4177524b9cf33fbb47fd6ca1e,2025-08-04,16,-15.24,USD,UBER,TRANSPORT,ECOM,CA,35–44,0–25k,2025-10-20 17:30:29
839b444e97640c72231a57dd49c3a5ba868872c3fb5c6fd87df1a2a81dd38f8f,2204a4a696a741e9b168fac44d638345a43753fa3eaefa90e59cefcd0573f808,746cfe6119ab6c87f7d185ccccc9e45eee18f2a4177524b9cf33fbb47fd6ca1e,2025-10-20,23,-310.0,USD,DELTA AIR,TRAVEL,ECOM,CA,35–44,0–25k,2025-10-20 17:30:29
59b840c72b2f5443f1fcc34593dc258580fc1c6dcee3cc675a79f30b0d041322,2204a4a696a741e9b168fac44d638345a43753fa3eaefa90e59cefcd0573f808,746cfe6119ab6c87f7d185ccccc9e45eee18f2a4177524b9cf33fbb47fd6ca1e,2025-08-11,20,-175.0,USD,CONED,UTILITIES,ECOM,CA,35–44,0–25k,2025-10-20 17:30:29
1509430689b7168f94a31a20dda20d158bc1d4ed1063cf92229033c68cad1001,2204a4a696a741e9b168fac44d638345a43753fa3eaefa90e59cefcd0573f808,746cfe6119ab6c87f7d185ccccc9e45eee18f2a4177524b9cf33fbb47fd6ca1e,2025-08-25,21,-16.0,USD,NETFLIX,ENTERTAINMENT,ECOM,CA,35–44,0–25k,2025-10-20 17:30:29
e5cfee502ead150794d32372f005ddf83b5b5591b80a3507fecc12bb3b9f3b4a,2204a4a696a741e9b168fac44d638345a43753fa3eaefa90e59cefcd0573f808,746cfe6119ab6c87f7d185ccccc9e45eee18f2a4177524b9cf33fbb47fd6ca1e,2025-09-29,13,-95.0,USD,WALMART,GROCERIES,POS,CA,35–44,0–25k,2025-10-20 17:30:29
ca7db7725546cacf1cb94da459f773f5f83ad7cee183e186e42c5bf909ac0733,2204a4a696a741e9b168fac44d638345a43753fa3eaefa90e59cefcd0573f808,746cfe6119ab6c87f7d185ccccc9e45eee18f2a4177524b9cf33fbb47fd6ca1e,2025-09-22,8,1225.0,USD,ACME PAYROLL,INCOME,ACH,CA,35–44,0–25k,2025-10-20 17:30:29
0e7523f5fa1e79461f2e0ce4c744441b966750efd21854c74699e255411c7d23,2204a4a696a741e9b168fac44d638345a43753fa3eaefa90e59cefcd0573f808,746cfe6119ab6c87f7d185ccccc9e45eee18f2a4177524b9cf33fbb47fd6ca1e,2025-08-18,6,-1750.0,USD,RENT,HOUSING,ACH,CA,35–44,0–25k,2025-10-20 17:30:29
c9a37bdf3e96acb5624b0f717d12e1db89d7200ffcf3e6289359532cbe18603b,2204a4a696a741e9b168fac44d638345a43753fa3eaefa90e59cefcd0573f808,746cfe6119ab6c87f7d185ccccc9e45eee18f2a4177524b9cf33fbb47fd6ca1e,2025-09-22,18,-11.0,USD,SPOTIFY,ENTERTAINMENT,ECOM,CA,35–44,0–25k,2025-10-20 17:30:29
ca7b5dea77d087b65331b10dac1e929e9f4e5795dd43149f5d3dc50c67bc87ed,2204a4a696a741e9b168fac44d638345a43753fa3eaefa90e59cefcd0573f808,746cfe6119ab6c87f7d185ccccc9e45eee18f2a4177524b9cf33fbb47fd6ca1e,2025-08-11,20,-16.0,USD,NETFLIX,ENTERTAINMENT,ECOM,CA,35–44,0–25k,2025-10-20 17:30:29
4430b31faa92ce7a59ca750c0765b24848fa4acd2b367b334ca83f0c3b57a588,2204a4a696a741e9b168fac44d638345a43753fa3eaefa90e59cefcd0573f808,746cfe6119ab6c87f7d185ccccc9e45eee18f2a4177524b9cf33fbb47fd6ca1e,2025-09-22,10,1350.0,USD,ACME PAYROLL,INCOME,ACH,CA,35–44,0–25k,2025-10-20 17:30:29
1b470e091a3c98fe714c753e28a6bb2a82090e007e6c4749eb01bf59df740ede,2204a4a696a741e9b168fac44d638345a43753fa3eaefa90e59cefcd0573f808,746cfe6119ab6c87f7d185ccccc9e45eee18f2a4177524b9cf33fbb47fd6ca1e,2025-10-13,18,-12.16,USD,MCDONALDS,DINING,POS,CA,35–44,0–25k,2025-10-20 17:30:29
3c8a6c235116745b4054d78520ce9cbec2a66c5f06452d7d30597ffeccf856c7,2204a4a696a741e9b168fac44d638345a43753fa3eaefa90e59cefcd0573f808,746cfe6119ab6c87f7d185ccccc9e45eee18f2a4177524b9cf33fbb47fd6ca1e,2025-08-11,20,-16.77,USD,STARBUCKS,DINING,POS,CA,35–44,0–25k,2025-10-20 17:30:29
5c34e31ee1ea3783675da1e680c51f51c197c5411555213b8b5501576bce2999,2204a4a696a741e9b168fac44d638345a43753fa3eaefa90e59cefcd0573f808,746cfe6119ab6c87f7d185ccccc9e45eee18f2a4177524b9cf33fbb47fd6ca1e,2025-08-18,17,-15.99,USD,NETFLIX,ENTERTAINMENT,ECOM,CA,35–44,0–25k,2025-10-20 17:30:29
1aa4fe06f86acd6e35949f5c58a80a39adde965523dc093a3ef37fb643cfac06,2204a4a696a741e9b168fac44d638345a43753fa3eaefa90e59cefcd0573f808,746cfe6119ab6c87f7d185ccccc9e45eee18f2a4177524b9cf33fbb47fd6ca1e,2025-09-22,7,-1650.0,USD,RENT,HOUSING,ACH,CA,35–44,0–25k,2025-10-20 17:30:29
d58e8d6e1609334dae53cfe90b7b0649556729f182611ab1898a31ae1bef5456,2204a4a696a741e9b168fac44d638345a43753fa3eaefa90e59cefcd0573f808,746cfe6119ab6c87f7d185ccccc9e45eee18f2a4177524b9cf33fbb47fd6ca1e,2025-09-22,8,700.0,USD,IRS TAX REFUND,INCOME,ACH,CA,35–44,0–25k,2025-10-20 17:30:29
c2e51850605cc67568951aa6c0c9b93485397f49d05eae4f3f8f987d4741b5ae,2204a4a696a741e9b168fac44d638345a43753fa3eaefa90e59cefcd0573f808,746cfe6119ab6c87f7d185ccccc9e45eee18f2a4177524b9cf33fbb47fd6ca1e,2025-08-04,22,-280.0,USD,DELTA AIR,TRAVEL,ECOM,CA,35–44,0–25k,2025-10-20 17:30:29
e8064e82b7e3982f2ef83df64a3276f51d07b8a680761ab5d9999b3f7131e662,2204a4a696a741e9b168fac44d638345a43753fa3eaefa90e59cefcd0573f808,746cfe6119ab6c87f7d185ccccc9e45eee18f2a4177524b9cf33fbb47fd6ca1e,2025-09-15,8,-13.61,USD,WHOLE FOODS,GROCERIES,POS,CA,35–44,0–25k,2025-10-20 17:30:29
872fea09e90116d83c9bde0ad7168d97c422afb8071cef956f3aacb58dacdf4f,2204a4a696a741e9b168fac44d638345a43753fa3eaefa90e59cefcd0573f808,746cfe6119ab6c87f7d185ccccc9e45eee18f2a4177524b9cf33fbb47fd6ca1e,2025-09-01,18,-375.0,USD,DELTA AIR,TRAVEL,ECOM,CA,35–44,0–25k,2025-10-20 17:30:29
849f5025e1750e90877077ff1505f8cc5addfaf07fe46ec50d4e0ffeee10051b,2204a4a696a741e9b168fac44d638345a43753fa3eaefa90e59cefcd0573f808,746cfe6119ab6c87f7d185ccccc9e45eee18f2a4177524b9cf33fbb47fd6ca1e,2025-08-04,6,1325.0,USD,ACME PAYROLL,INCOME,ACH,CA,35–44,0–25k,2025-10-20 17:30:29
c5c20a6b1577e8b0e18653e1971645b25c6d6f26ee2576881c4591d633255904,2204a4a696a741e9b168fac44d638345a43753fa3eaefa90e59cefcd0573f808,746cfe6119ab6c87f7d185ccccc9e45eee18f2a4177524b9cf33fbb47fd6ca1e,2025-10-20,6,-1825.0,USD,RENT,HOUSING,ACH,CA,35–44,0–25k,2025-10-20 17:30:29
44f974e49f16e90e3180798b9b20a8765ee0561e1f94aa5158fa30701389d630,2204a4a696a741e9b168fac44d638345a43753fa3eaefa90e59cefcd0573f808,746cfe6119ab6c87f7d185ccccc9e45eee18f2a4177524b9cf33fbb47fd6ca1e,2025-09-22,8,975.0,USD,IRS TAX REFUND,INCOME,ACH,CA,35–44,0–25k,2025-10-20 17:30:29
b3666f2cba87dd48182229d66317aef12370bd5af1690c4737eef56bf90c76e2,2204a4a696a741e9b168fac44d638345a43753fa3eaefa90e59cefcd0573f808,746cfe6119ab6c87f7d185ccccc9e45eee18f2a4177524b9cf33fbb47fd6ca1e,2025-09-01,9,-60.0,USD,WALMART,GROCERIES,POS,CA,35–44,0–25k,2025-10-20 17:30:29
e363296da137e082817a6823b8c4062de0ddd7bc9b803c8b6aee01510cd84f0a,2204a4a696a741e9b168fac44d638345a43753fa3eaefa90e59cefcd0573f808,746cfe6119ab6c87f7d185ccccc9e45eee18f2a4177524b9cf33fbb47fd6ca1e,2025-10-06,19,-6.28,USD,MCDONALDS,DINING,POS,CA,35–44,0–25k,2025-10-20 17:30:29
a9d115f6fe474deede9f31dc304ba3260e894ff643ad87dc5dae028380eadc11,2204a4a696a741e9b168fac44d638345a43753fa3eaefa90e59cefcd0573f808,746cfe6119ab6c87f7d185ccccc9e45eee18f2a4177524b9cf33fbb47fd6ca1e,2025-10-20,12,-16.59,USD,MCDONALDS,DINING,POS,CA,35–44,0–25k,2025-10-20 17:30:29
c0064f1fb0104dfef55d6eebd78a1146b4b70fc7cf74ed2509d04bbda80840c9,2204a4a696a741e9b168fac44d638345a43753fa3eaefa90e59cefcd0573f808,746cfe6119ab6c87f7d185ccccc9e45eee18f2a4177524b9cf33fbb47fd6ca1e,2025-08-04,18,-1.32,USD,MCDONALDS,DINING,POS,CA,35–44,0–25k,2025-10-20 17:30:29
36d289cbda331615472a829e2989c8f329d40784463f1b6a32505e84887ab754,2204a4a696a741e9b168fac44d638345a43753fa3eaefa90e59cefcd0573f808,746cfe6119ab6c87f7d185ccccc9e45eee18f2a4177524b9cf33fbb47fd6ca1e,2025-08-04,6,1625.0,USD,ACME PAYROLL,INCOME,ACH,CA,35–44,0–25k,2025-10-20 17:30:29
6959709b617159cad96593c2237725622326e6216284293e97c5dc1c91b50bd7,2204a4a696a741e9b168fac44d638345a43753fa3eaefa90e59cefcd0573f808,746cfe6119ab6c87f7d185ccccc9e45eee18f2a4177524b9cf33fbb47fd6ca1e,2025-09-29,9,-60.0,USD,OTHER_MERCHANT,OTHER,POS,CA,35–44,0–25k,2025-10-20 17:30:29
d3c97e3775c60a2d3f8bdc8111b4051475a4c31475b0dc9af694b0b0ec193f16,2204a4a696a741e9b168fac44d638345a43753fa3eaefa90e59cefcd0573f808,746cfe6119ab6c87f7d185ccccc9e45eee18f2a4177524b9cf33fbb47fd6ca1e,2025-09-29,8,-12.11,USD,MCDONALDS,DINING,POS,CA,35–44,0–25k,2025-10-20 17:30:29
5a1d8167af02b6d0dcbf556808b9ff62ae8f574e244341b49a14bf8728c7d58c,2204a4a696a741e9b168fac44d638345a43753fa3eaefa90e59cefcd0573f808,746cfe6119ab6c87f7d185ccccc9e45eee18f2a4177524b9cf33fbb47fd6ca1e,2025-08-11,18,-90.0,USD,WHOLE FOODS,GROCERIES,POS,CA,35–44,0–25k,2025-10-20 17:30:29
c7ab675ac6fe282f7468258e47b8ce00404d126e7d4ec8fac7c8d9b78d0b3a17,2204a4a696a741e9b168fac44d638345a43753fa3eaefa90e59cefcd0573f808,746cfe6119ab6c87f7d185ccccc9e45eee18f2a4177524b9cf33fbb47fd6ca1e,2025-10-13,21,-43.58,USD,AMAZON,SHOPPING,ECOM,CA,35–44,0–25k,2025-10-20 17:30:29
246d001dc21fd7fc6168ae2eefa93b9a1b43ea6f2fd5530c6e4e0f5577755ce9,2204a4a696a741e9b168fac44d638345a43753fa3eaefa90e59cefcd0573f808,746cfe6119ab6c87f7d185ccccc9e45eee18f2a4177524b9cf33fbb47fd6ca1e,2025-09-15,17,-16.0,USD,NETFLIX,ENTERTAINMENT,ECOM,CA,35–44,0–25k,2025-10-20 17:30:29
dd79f1991c4244e348097abb5c1058f756a2c514809c0d1eb7e128321ad49611,2204a4a696a741e9b168fac44d638345a43753fa3eaefa90e59cefcd0573f808,746cfe6119ab6c87f7d185ccccc9e45eee18f2a4177524b9cf33fbb47fd6ca1e,2025-10-06,18,-43.18,USD,UBER,TRANSPORT,ECOM,CA,35–44,0–25k,2025-10-20 17:30:29
3304ce38ab07bab5a618ac9dddce8185eda0f23303676577c4f9c22a1ed59f72,2204a4a696a741e9b168fac44d638345a43753fa3eaefa90e59cefcd0573f808,746cfe6119ab6c87f7d185ccccc9e45eee18f2a4177524b9cf33fbb47fd6ca1e,2025-10-06,20,-15.99,USD,NETFLIX,ENTERTAINMENT,ECOM,CA,35–44,0–25k,2025-10-20 17:30:29
423d7d1d77723c95123a272abd2216ff16281809ffda17ba982052e71b8935dc,2204a4a696a741e9b168fac44d638345a43753fa3eaefa90e59cefcd0573f808,746cfe6119ab6c87f7d185ccccc9e45eee18f2a4177524b9cf33fbb47fd6ca1e,2025-10-06,8,-22.47,USD,MCDONALDS,DINING,POS,CA,35–44,0–25k,2025-10-20 17:30:29
0093e120f1842b569403aba079b85083000d418c75ce4f30d21a3e8c388535bf,2204a4a696a741e9b168fac44d638345a43753fa3eaefa90e59cefcd0573f808,746cfe6119ab6c87f7d185ccccc9e45eee18f2a4177524b9cf33fbb47fd6ca1e,2025-10-13,6,-1775.0,USD,RENT,HOUSING,ACH,CA,35–44,0–25k,2025-10-20 17:30:29
d05429cb2b46b6d6adb26e5bc6f076c93711e4b8aa28ec975497d508b665fc17,2204a4a696a741e9b168fac44d638345a43753fa3eaefa90e59cefcd0573f808,746cfe6119ab6c87f7d185ccccc9e45eee18f2a4177524b9cf33fbb47fd6ca1e,2025-09-08,12,-55.0,USD,OTHER_MERCHANT,OTHER,POS,CA,35–44,0–25k,2025-10-20 17:30:29
78f13fc8de04a866875dcb4548aac31e88798003ea933e5cddabb80b9f091a15,2204a4a696a741e9b168fac44d638345a43753fa3eaefa90e59cefcd0573f808,746cfe6119ab6c87f7d185ccccc9e45eee18f2a4177524b9cf33fbb47fd6ca1e,2025-10-13,19,-55.0,USD,WALMART,GROCERIES,POS,CA,35–44,0–25k,2025-10-20 17:30:29
a927f35fbc0542cd9865ac8bd5b4efd469a26a0127c40688b3e79cf266b1c81a,2204a4a696a741e9b168fac44d638345a43753fa3eaefa90e59cefcd0573f808,746cfe6119ab6c87f7d185ccccc9e45eee18f2a4177524b9cf33fbb47fd6ca1e,2025-08-25,17,-110.0,USD,CONED,UTILITIES,ECOM,CA,35–44,0–25k,2025-10-20 17:30:29
2d796d6bc426f1064a97cbc610e9397e1f2b0431edc63c7cca6a218af15f685b,2204a4a696a741e9b168fac44d638345a43753fa3eaefa90e59cefcd0573f808,746cfe6119ab6c87f7d185ccccc9e45eee18f2a4177524b9cf33fbb47fd6ca1e,2025-09-15,21,-11.0,USD,SPOTIFY,ENTERTAINMENT,ECOM,CA,35–44,0–25k,2025-10-20 17:30:29
455ccb5e4c25b2c077b42b9a57b1104ad0174f42d898e94bf6b6ac93709dee1d,2204a4a696a741e9b168fac44d638345a43753fa3eaefa90e59cefcd0573f808,746cfe6119ab6c87f7d185ccccc9e45eee18f2a4177524b9cf33fbb47fd6ca1e,2025-10-13,22,-13.17,USD,LYFT,TRANSPORT,ECOM,CA,35–44,0–25k,2025-10-20 17:30:29
14e6f33af786c724bdfa46f4eb56234649408196d6096b32c64060f2f4ead7d4,bd34625519ef6226693b4d9951f3c79bbcf8401dfca47aa84ade74de9cf448f3,ddf7cd78120984bc0f6af1374468ec45b14f558db865cdd58df38a63a3b010bc,2025-09-01,6,1225.0,USD,ACME PAYROLL,INCOME,ACH,TX,25–34,50–75k,2025-10-20 17:30:29
d775a0b7cdeb840768a7ab12fcb4e123be5027ac52a8604c28c4a016f517d62f,bd34625519ef6226693b4d9951f3c79bbcf8401dfca47aa84ade74de9cf448f3,ddf7cd78120984bc0f6af1374468ec45b14f558db865cdd58df38a63a3b010bc,2025-08-04,21,-49.55,USD,AMAZON,SHOPPING,ECOM,TX,25–34,50–75k,2025-10-20 17:30:29
f8a977442a8a20bfd9dbbc806b52d29db5072ace3aaa0b6ec14506311cbcec09,bd34625519ef6226693b4d9951f3c79bbcf8401dfca47aa84ade74de9cf448f3,ddf7cd78120984bc0f6af1374468ec45b14f558db865cdd58df38a63a3b010bc,2025-10-13,13,1600.0,USD,ACME PAYROLL,INCOME,ACH,TX,25–34,50–75k,2025-10-20 17:30:29
84e100b253fcc2d5031d3cbdb5a2f9bd072b8b5dd35f38da2785e2330149dec2,bd34625519ef6226693b4d9951f3c79bbcf8401dfca47aa84ade74de9cf448f3,ddf7cd78120984bc0f6af1374468ec45b14f558db865cdd58df38a63a3b010bc,2025-09-29,22,-47.87,USD,AMAZON,SHOPPING,ECOM,TX,25–34,50–75k,2025-10-20 17:30:29
3e2365a82afd34284de73e4bfe7052f6da6257faee5be0b7e76dc5e1b35cb144,bd34625519ef6226693b4d9951f3c79bbcf8401dfca47aa84ade74de9cf448f3,ddf7cd78120984bc0f6af1374468ec45b14f558db865cdd58df38a63a3b010bc,2025-09-29,12,-31.38,USD,WALMART,GROCERIES,POS,TX,25–34,50–75k,2025-10-20 17:30:29
aec91b38a46888d621ccc789ef143e3d9e40551cd296017edff50f78f8f90ca5,bd34625519ef6226693b4d9951f3c79bbcf8401dfca47aa84ade74de9cf448f3,ddf7cd78120984bc0f6af1374468ec45b14f558db865cdd58df38a63a3b010bc,2025-10-13,7,1625.0,USD,ACME PAYROLL,INCOME,ACH,TX,25–34,50–75k,2025-10-20 17:30:29
d379c6a39c9dd3c58b7c422c247ccab432a36f26f4cf8d154784fd7be1c54f78,bd34625519ef6226693b4d9951f3c79bbcf8401dfca47aa84ade74de9cf448f3,ddf7cd78120984bc0f6af1374468ec45b14f558db865cdd58df38a63a3b010bc,2025-08-11,18,-230.0,USD,UNITED AIR,TRAVEL,ECOM,TX,25–34,50–75k,2025-10-20 17:30:29
1614560042f39802dca33ecf31b009207e5519762849ce8a8279774d43eef115,bd34625519ef6226693b4d9951f3c79bbcf8401dfca47aa84ade74de9cf448f3,ddf7cd78120984bc0f6af1374468ec45b14f558db865cdd58df38a63a3b010bc,2025-09-08,18,-16.0,USD,NETFLIX,ENTERTAINMENT,ECOM,TX,25–34,50–75k,2025-10-20 17:30:29
2e2bbd423dbd31d821419f9b411e529fd75ea88f94860dc38cce71454af395bf,bd34625519ef6226693b4d9951f3c79bbcf8401dfca47aa84ade74de9cf448f3,ddf7cd78120984bc0f6af1374468ec45b14f558db865cdd58df38a63a3b010bc,2025-08-18,23,-85.0,USD,VERIZON,UTILITIES,ECOM,TX,25–34,50–75k,2025-10-20 17:30:29
fc54058d3d9edae8e1cc81209f5384ed1440351bfb3e6424b6e56399b0ad09e8,bd34625519ef6226693b4d9951f3c79bbcf8401dfca47aa84ade74de9cf448f3,ddf7cd78120984bc0f6af1374468ec45b14f558db865cdd58df38a63a3b010bc,2025-09-01,8,1125.0,USD,ACME PAYROLL,INCOME,ACH,TX,25–34,50–75k,2025-10-20 17:30:29
12e879364eed70ae3a7447711ef049e87a83ad8d5a7402660405f41fe2edc5ef,bd34625519ef6226693b4d9951f3c79bbcf8401dfca47aa84ade74de9cf448f3,ddf7cd78120984bc0f6af1374468ec45b14f558db865cdd58df38a63a3b010bc,2025-08-04,19,-75.0,USD,OTHER_MERCHANT,OTHER,POS,TX,25–34,50–75k,2025-10-20 17:30:29
327cc692195271e362fcc412105a92a05ee775df50f1b3a240c37207e2aadbc0,bd34625519ef6226693b4d9951f3c79bbcf8401dfca47aa84ade74de9cf448f3,ddf7cd78120984bc0f6af1374468ec45b14f558db865cdd58df38a63a3b010bc,2025-10-13,22,-90.0,USD,VERIZON,UTILITIES,ECOM,TX,25–34,50–75k,2025-10-20 17:30:29
1db387d3ad753e51bfd350673be7759c5eb36d625c5989a5d545148ffd9eedb6,bd34625519ef6226693b4d9951f3c79bbcf8401dfca47aa84ade74de9cf448f3,ddf7cd78120984bc0f6af1374468ec45b14f558db865cdd58df38a63a3b010bc,2025-08-18,17,-24.23,USD,UBER,TRANSPORT,ECOM,TX,25–34,50–75k,2025-10-20 17:30:29
ce8bf84286ece2ff6c034f6d945e92e7be2fef77a5b2e7e495f7679f2502fb38,bd34625519ef6226693b4d9951f3c79bbcf8401dfca47aa84ade74de9cf448f3,ddf7cd78120984bc0f6af1374468ec45b14f558db865cdd58df38a63a3b010bc,2025-08-11,21,-11.01,USD,SPOTIFY,ENTERTAINMENT,ECOM,TX,25–34,50–75k,2025-10-20 17:30:29
154de068453faef32d437708804afa97ab864f91c83e98ac03d286403071125c,bd34625519ef6226693b4d9951f3c79bbcf8401dfca47aa84ade74de9cf448f3,ddf7cd78120984bc0f6af1374468ec45b14f558db865cdd58df38a63a3b010bc,2025-10-20,20,-33.76,USD,UBER,TRANSPORT,ECOM,TX,25–34,50–75k,2025-10-20 17:30:29
3dc98235010eff1bff5607a1a58ff14503590c6804a81effd6e2a3a47839a776,bd34625519ef6226693b4d9951f3c79bbcf8401dfca47aa84ade74de9cf448f3,ddf7cd78120984bc0f6af1374468ec45b14f558db865cdd58df38a63a3b010bc,2025-09-01,18,-23.54,USD,LYFT,TRANSPORT,ECOM,TX,25–34,50–75k,2025-10-20 17:30:29
324877f5b9fbb60128e89bf1fc6c60f1bf877ac89f7ac925d5b0c3446a47fe0e,bd34625519ef6226693b4d9951f3c79bbcf8401dfca47aa84ade74de9cf448f3,ddf7cd78120984bc0f6af1374468ec45b14f558db865cdd58df38a63a3b010bc,2025-10-06,21,-65.0,USD,VERIZON,UTILITIES,ECOM,TX,25–34,50–75k,2025-10-20 17:30:29
e5b8e8557f87c439e98d9b2a893e101b54552e1c1a17361dbdefb5051a427599,bd34625519ef6226693b4d9951f3c79bbcf8401dfca47aa84ade74de9cf448f3,ddf7cd78120984bc0f6af1374468ec45b14f558db865cdd58df38a63a3b010bc,2025-10-20,12,-120.0,USD,WALMART,GROCERIES,POS,TX,25–34,50–75k,2025-10-20 17:30:29
66106acf52079667803907ca5cf4f9e709507d0aaf76593f84181d77a2f0ed92,bd34625519ef6226693b4d9951f3c79bbcf8401dfca47aa84ade74de9cf448f3,ddf7cd78120984bc0f6af1374468ec45b14f558db865cdd58df38a63a3b010bc,2025-10-13,19,-55.0,USD,WALMART,GROCERIES,POS,TX,25–34,50–75k,2025-10-20 17:30:29
b5e6154f1c8bd1daffe8091a38d0ff066c001c348c45eb2db78b2c78564399f3,bd34625519ef6226693b4d9951f3c79bbcf8401dfca47aa84ade74de9cf448f3,ddf7cd78120984bc0f6af1374468ec45b14f558db865cdd58df38a63a3b010bc,2025-09-29,22,-11.01,USD,SPOTIFY,ENTERTAINMENT,ECOM,TX,25–34,50–75k,2025-10-20 17:30:29
ed1d00c6e388aa4bebe0e3bf12947118faa3223026e50bc41adb74754973c109,bd34625519ef6226693b4d9951f3c79bbcf8401dfca47aa84ade74de9cf448f3,ddf7cd78120984bc0f6af1374468ec45b14f558db865cdd58df38a63a3b010bc,2025-09-01,7,700.0,USD,IRS TAX REFUND,INCOME,ACH,TX,25–34,50–75k,2025-10-20 17:30:29
d2c3130f1ee308c75fa377700f5ba1377565409d797b43f29e38d4ff9d640d48,bd34625519ef6226693b4d9951f3c79bbcf8401dfca47aa84ade74de9cf448f3,ddf7cd78120984bc0f6af1374468ec45b14f558db865cdd58df38a63a3b010bc,2025-08-11,19,-11.97,USD,MCDONALDS,DINING,POS,TX,25–34,50–75k,2025-10-20 17:30:29
dfeaea6af2394aed999aa3fc2fc732fe1531bbda5a91f197749284b6a50f0f11,bd34625519ef6226693b4d9951f3c79bbcf8401dfca47aa84ade74de9cf448f3,ddf7cd78120984bc0f6af1374468ec45b14f558db865cdd58df38a63a3b010bc,2025-09-01,5,-1625.0,USD,RENT,HOUSING,ACH,TX,25–34,50–75k,2025-10-20 17:30:29
0913361bb121b3f73c6fe4a1e626a42f4ff07f42426327daee30e9063b78f3e1,bd34625519ef6226693b4d9951f3c79bbcf8401dfca47aa84ade74de9cf448f3,ddf7cd78120984bc0f6af1374468ec45b14f558db865cdd58df38a63a3b010bc,2025-08-04,12,-17.01,USD,MCDONALDS,DINING,POS,TX,25–34,50–75k,2025-10-20 17:30:29
73e768dd88ab0dcdc385b4e5f6a1717372cbf935393a0a6d47deef3a8e36579b,bd34625519ef6226693b4d9951f3c79bbcf8401dfca47aa84ade74de9cf448f3,ddf7cd78120984bc0f6af1374468ec45b14f558db865cdd58df38a63a3b010bc,2025-10-13,18,-28.75,USD,LYFT,TRANSPORT,ECOM,TX,25–34,50–75k,2025-10-20 17:30:29
f9485b7f4b2b45d0470489df5fe9adf3aa62232cccc4e179db44a269e27f3e0f,bd34625519ef6226693b4d9951f3c79bbcf8401dfca47aa84ade74de9cf448f3,ddf7cd78120984bc0f6af1374468ec45b14f558db865cdd58df38a63a3b010bc,2025-09-01,8,1850.0,USD,ACME PAYROLL,INCOME,ACH,TX,25–34,50–75k,2025-10-20 17:30:29
73a42a8ee52d8260d27e4bae272e8bafc08957ff2835c0e0762bb8ed51ad3fa2,bd34625519ef6226693b4d9951f3c79bbcf8401dfca47aa84ade74de9cf448f3,ddf7cd78120984bc0f6af1374468ec45b14f558db865cdd58df38a63a3b010bc,2025-10-20,13,-125.0,USD,WHOLE FOODS,GROCERIES,POS,TX,25–34,50–75k,2025-10-20 17:30:29
4487aca88462d504fef9ea7fefe7de26f692c84b8e537189a7d2bcbf7507b93b,bd34625519ef6226693b4d9951f3c79bbcf8401dfca47aa84ade74de9cf448f3,ddf7cd78120984bc0f6af1374468ec45b14f558db865cdd58df38a63a3b010bc,2025-09-29,8,-1625.0,USD,RENT,HOUSING,ACH,TX,25–34,50–75k,2025-10-20 17:30:29
120f3bc42524f3a396baa2b4b837453bdacbafcfa8ca48cc6c9682210a583f16,bd34625519ef6226693b4d9951f3c79bbcf8401dfca47aa84ade74de9cf448f3,ddf7cd78120984bc0f6af1374468ec45b14f558db865cdd58df38a63a3b010bc,2025-08-11,8,-7.87,USD,STARBUCKS,DINING,POS,TX,25–34,50–75k,2025-10-20 17:30:29
d2be92259965b698e274216e6ad3eaf39dae69e0484581400dd6a7b6d18d5466,bd34625519ef6226693b4d9951f3c79bbcf8401dfca47aa84ade74de9cf448f3,ddf7cd78120984bc0f6af1374468ec45b14f558db865cdd58df38a63a3b010bc,2025-09-29,18,-39.19,USD,LYFT,TRANSPORT,ECOM,TX,25–34,50–75k,2025-10-20 17:30:29
70f028f9ca2ad1c865f869f678e484d24fbdcb94fabd2e82d32449a42d3c811d,bd34625519ef6226693b4d9951f3c79bbcf8401dfca47aa84ade74de9cf448f3,ddf7cd78120984bc0f6af1374468ec45b14f558db865cdd58df38a63a3b010bc,2025-09-08,18,-7.4,USD,MCDONALDS,DINING,POS,TX,25–34,50–75k,2025-10-20 17:30:29
acfacc2d49ce780d8f33224833594311dc4488ced7ff956fc308fcb7f0d61308,bd34625519ef6226693b4d9951f3c79bbcf8401dfca47aa84ade74de9cf448f3,ddf7cd78120984bc0f6af1374468ec45b14f558db865cdd58df38a63a3b010bc,2025-09-15,21,-31.08,USD,LYFT,TRANSPORT,ECOM,TX,25–34,50–75k,2025-10-20 17:30:29
27eea847cb984fcbb80fc76cddc11d6b1ed8e6f187e48aa1ed0484b79847c1a3,bd34625519ef6226693b4d9951f3c79bbcf8401dfca47aa84ade74de9cf448f3,ddf7cd78120984bc0f6af1374468ec45b14f558db865cdd58df38a63a3b010bc,2025-08-04,17,-16.25,USD,LYFT,TRANSPORT,ECOM,TX,25–34,50–75k,2025-10-20 17:30:29
ed2f39e992c0fc0cb01172d1da0f4ed62c8cff38febe120e4ed8b93299a045cf,bd34625519ef6226693b4d9951f3c79bbcf8401dfca47aa84ade74de9cf448f3,ddf7cd78120984bc0f6af1374468ec45b14f558db865cdd58df38a63a3b010bc,2025-09-08,11,-85.0,USD,VERIZON,UTILITIES,ECOM,TX,25–34,50–75k,2025-10-20 17:30:29
ea4475dc64bf0c323f5bd75d93e1316bb8bf571fe35aebfd95cefabe1dc60569,bd34625519ef6226693b4d9951f3c79bbcf8401dfca47aa84ade74de9cf448f3,ddf7cd78120984bc0f6af1374468ec45b14f558db865cdd58df38a63a3b010bc,2025-09-08,9,-21.15,USD,MCDONALDS,DINING,POS,TX,25–34,50–75k,2025-10-20 17:30:29
d442f28a305ec17cde5734196233701f44c99fa747ec554046e7ee6347746f60,bd34625519ef6226693b4d9951f3c79bbcf8401dfca47aa84ade74de9cf448f3,ddf7cd78120984bc0f6af1374468ec45b14f558db865cdd58df38a63a3b010bc,2025-10-13,16,-16.0,USD,NETFLIX,ENTERTAINMENT,ECOM,TX,25–34,50–75k,2025-10-20 17:30:29
9c0975ac42e138acb15ba2dbd9150d0435756730824dbc6ab7d709b5b9ab3239,bd34625519ef6226693b4d9951f3c79bbcf8401dfca47aa84ade74de9cf448f3,ddf7cd78120984bc0f6af1374468ec45b14f558db865cdd58df38a63a3b010bc,2025-09-08,16,-5.41,USD,UBER,TRANSPORT,ECOM,TX,25–34,50–75k,2025-10-20 17:30:29
77307cd0b5e621db4b5d7f978dfa9f9f33802bf92e4ead8af93656aa60e08817,bd34625519ef6226693b4d9951f3c79bbcf8401dfca47aa84ade74de9cf448f3,ddf7cd78120984bc0f6af1374468ec45b14f558db865cdd58df38a63a3b010bc,2025-10-06,6,-1900.0,USD,RENT,HOUSING,ACH,TX,25–34,50–75k,2025-10-20 17:30:29
34e9870181009cf4a50e006693c62113c7c1e1ac6df4c0edd4b51221eace9be6,bd34625519ef6226693b4d9951f3c79bbcf8401dfca47aa84ade74de9cf448f3,ddf7cd78120984bc0f6af1374468ec45b14f558db865cdd58df38a63a3b010bc,2025-08-25,16,-9.59,USD,LYFT,TRANSPORT,ECOM,TX,25–34,50–75k,2025-10-20 17:30:29
be5305f6bebea968ddeda5fd074dcb0cd965ecc3e2ae95ea4558ea9280a14024,bd34625519ef6226693b4d9951f3c79bbcf8401dfca47aa84ade74de9cf448f3,ddf7cd78120984bc0f6af1374468ec45b14f558db865cdd58df38a63a3b010bc,2025-08-18,13,-39.29,USD,WHOLE FOODS,GROCERIES,POS,TX,25–34,50–75k,2025-10-20 17:30:29
d5466978651b86fcc503fcfe9224c1dc4f496414eca6a756efdfc09240996161,7cdf7c5cf56420712078f73cfcbc0f413db52c7f8e9dc4d18edc1c0c7f7bc3a3,746cfe6119ab6c87f7d185ccccc9e45eee18f2a4177524b9cf33fbb47fd6ca1e,2025-09-15,17,-110.0,USD,CONED,UTILITIES,ECOM,TX,45–54,75–100k,2025-10-20 17:30:29
274dcd1d078072704330222dec6a89f4124b5c6fd9417c2db704ed82244ee70f,7cdf7c5cf56420712078f73cfcbc0f413db52c7f8e9dc4d18edc1c0c7f7bc3a3,746cfe6119ab6c87f7d185ccccc9e45eee18f2a4177524b9cf33fbb47fd6ca1e,2025-09-01,20,-16.0,USD,NETFLIX,ENTERTAINMENT,ECOM,TX,45–54,75–100k,2025-10-20 17:30:29
35968c3a573bd9998ea16be6ad3dd87020f27f4a5712f06e955961f6d1190b32,7cdf7c5cf56420712078f73cfcbc0f413db52c7f8e9dc4d18edc1c0c7f7bc3a3,746cfe6119ab6c87f7d185ccccc9e45eee18f2a4177524b9cf33fbb47fd6ca1e,2025-10-20,8,-100.0,USD,WHOLE FOODS,GROCERIES,POS,TX,45–54,75–100k,2025-10-20 17:30:29
da1536dc40815fdda65d36d9bbe97a3902abde3493965265d4bf9cd75273dba8,7cdf7c5cf56420712078f73cfcbc0f413db52c7f8e9dc4d18edc1c0c7f7bc3a3,746cfe6119ab6c87f7d185ccccc9e45eee18f2a4177524b9cf33fbb47fd6ca1e,2025-08-04,19,-330.0,USD,DELTA AIR,TRAVEL,ECOM,TX,45–54,75–100k,2025-10-20 17:30:29
65e7a9e5a2b443d35644c2693539b25249d140e6d65d053f18dca3d0d7536de1,7cdf7c5cf56420712078f73cfcbc0f413db52c7f8e9dc4d18edc1c0c7f7bc3a3,746cfe6119ab6c87f7d185ccccc9e45eee18f2a4177524b9cf33fbb47fd6ca1e,2025-08-04,8,925.0,USD,IRS TAX REFUND,INCOME,ACH,TX,45–54,75–100k,2025-10-20 17:30:29
c0cf0bcbcf7f5ae6782c3e17ce44f9d279fdd1030a08e943f928107f84b1551b,7cdf7c5cf56420712078f73cfcbc0f413db52c7f8e9dc4d18edc1c0c7f7bc3a3,746cfe6119ab6c87f7d185ccccc9e45eee18f2a4177524b9cf33fbb47fd6ca1e,2025-08-04,5,1825.0,USD,ACME PAYROLL,INCOME,ACH,TX,45–54,75–100k,2025-10-20 17:30:29
a76da800c8a2a491b5d712ad568bcaa80086f860769aff9d066a38dbb2d28f94,7cdf7c5cf56420712078f73cfcbc0f413db52c7f8e9dc4d18edc1c0c7f7bc3a3,746cfe6119ab6c87f7d185ccccc9e45eee18f2a4177524b9cf33fbb47fd6ca1e,2025-08-18,4,1925.0,USD,ACME PAYROLL,INCOME,ACH,TX,45–54,75–100k,2025-10-20 17:30:29
1750fab1e8e3a07856fe1694e056287c91afce65bd7add004bc05559f518939f,7cdf7c5cf56420712078f73cfcbc0f413db52c7f8e9dc4d18edc1c0c7f7bc3a3,746cfe6119ab6c87f7d185ccccc9e45eee18f2a4177524b9cf33fbb47fd6ca1e,2025-08-25,21,-85.0,USD,VERIZON,UTILITIES,ECOM,TX,45–54,75–100k,2025-10-20 17:30:29
5ead0dc1390e5a1057b142b15643fb5fbe7768567dbcc439a8bf585be301f27c,7cdf7c5cf56420712078f73cfcbc0f413db52c7f8e9dc4d18edc1c0c7f7bc3a3,746cfe6119ab6c87f7d185ccccc9e45eee18f2a4177524b9cf33fbb47fd6ca1e,2025-08-04,18,-16.0,USD,NETFLIX,ENTERTAINMENT,ECOM,TX,45–54,75–100k,2025-10-20 17:30:29
b9e88d6293dc8d3e2c5f871c52d0e7d1846cac59679c2118dd50adccb4937a21,7cdf7c5cf56420712078f73cfcbc0f413db52c7f8e9dc4d18edc1c0c7f7bc3a3,746cfe6119ab6c87f7d185ccccc9e45eee18f2a4177524b9cf33fbb47fd6ca1e,2025-09-15,12,-65.0,USD,WALMART,GROCERIES,POS,TX,45–54,75–100k,2025-10-20 17:30:29
69bed68469045450375e63700d0575bd2068bc1556cfc2a2b0fc34dea136750a,7cdf7c5cf56420712078f73cfcbc0f413db52c7f8e9dc4d18edc1c0c7f7bc3a3,746cfe6119ab6c87f7d185ccccc9e45eee18f2a4177524b9cf33fbb47fd6ca1e,2025-08-11,18,-11.0,USD,SPOTIFY,ENTERTAINMENT,ECOM,TX,45–54,75–100k,2025-10-20 17:30:29
65cf4c1e52691f6256aa207b432b84ac25a4596f3723aeafcc535837bff3ff84,7cdf7c5cf56420712078f73cfcbc0f413db52c7f8e9dc4d18edc1c0c7f7bc3a3,746cfe6119ab6c87f7d185ccccc9e45eee18f2a4177524b9cf33fbb47fd6ca1e,2025-09-08,20,-10.99,USD,SPOTIFY,ENTERTAINMENT,ECOM,TX,45–54,75–100k,2025-10-20 17:30:29
77220a491d026bfa2f92826b79f85838ac7f8baa53c712f0a027ad692b93ca9c,7cdf7c5cf56420712078f73cfcbc0f413db52c7f8e9dc4d18edc1c0c7f7bc3a3,746cfe6119ab6c87f7d185ccccc9e45eee18f2a4177524b9cf33fbb47fd6ca1e,2025-09-15,19,-50.0,USD,OTHER_MERCHANT,OTHER,POS,TX,45–54,75–100k,2025-10-20 17:30:29
dc262609484efa752b1706302e83721a2bfe6877d52493a06a304c7d7068d2f3,7cdf7c5cf56420712078f73cfcbc0f413db52c7f8e9dc4d18edc1c0c7f7bc3a3,746cfe6119ab6c87f7d185ccccc9e45eee18f2a4177524b9cf33fbb47fd6ca1e,2025-08-04,20,-75.0,USD,CONED,UTILITIES,ECOM,TX,45–54,75–100k,2025-10-20 17:30:29
5c7fcb0ad095bfdb684fe51b07783b211597b5396f3d46baa1b92cebb0650238,7cdf7c5cf56420712078f73cfcbc0f413db52c7f8e9dc4d18edc1c0c7f7bc3a3,746cfe6119ab6c87f7d185ccccc9e45eee18f2a4177524b9cf33fbb47fd6ca1e,2025-09-01,21,-15.25,USD,UBER,TRANSPORT,ECOM,TX,45–54,75–100k,2025-10-20 17:30:29
9b2637b6247ffc0060f1e544760e90650e5dc111a2d713b52afc01bfdf9bdb07,7cdf7c5cf56420712078f73cfcbc0f413db52c7f8e9dc4d18edc1c0c7f7bc3a3,746cfe6119ab6c87f7d185ccccc9e45eee18f2a4177524b9cf33fbb47fd6ca1e,2025-10-06,12,-110.0,USD,WHOLE FOODS,GROCERIES,POS,TX,45–54,75–100k,2025-10-20 17:30:29
4b8a691e97bc9a85bc0b50621c561d1851b8a438d3fae11b6a1dd77d747cd274,7cdf7c5cf56420712078f73cfcbc0f413db52c7f8e9dc4d18edc1c0c7f7bc3a3,746cfe6119ab6c87f7d185ccccc9e45eee18f2a4177524b9cf33fbb47fd6ca1e,2025-08-11,18,-18.36,USD,MCDONALDS,DINING,POS,TX,45–54,75–100k,2025-10-20 17:30:29
2d462ef17f0e4ae017092fe09539225bd70322989a6c684bb941e02e59c28eef,7cdf7c5cf56420712078f73cfcbc0f413db52c7f8e9dc4d18edc1c0c7f7bc3a3,746cfe6119ab6c87f7d185ccccc9e45eee18f2a4177524b9cf33fbb47fd6ca1e,2025-09-08,7,-1650.0,USD,RENT,HOUSING,ACH,TX,45–54,75–100k,2025-10-20 17:30:29
092c92bec85b15aa1d3128d3ddb2eba5b6b651a492254d3ad07d31d5b695f4c0,7cdf7c5cf56420712078f73cfcbc0f413db52c7f8e9dc4d18edc1c0c7f7bc3a3,746cfe6119ab6c87f7d185ccccc9e45eee18f2a4177524b9cf33fbb47fd6ca1e,2025-09-15,20,-110.0,USD,CONED,UTILITIES,ECOM,TX,45–54,75–100k,2025-10-20 17:30:29
ffe5278f1071abbde516606494dc551d49e3d2a02d3a50594a05cb157f507b01,7cdf7c5cf56420712078f73cfcbc0f413db52c7f8e9dc4d18edc1c0c7f7bc3a3,746cfe6119ab6c87f7d185ccccc9e45eee18f2a4177524b9cf33fbb47fd6ca1e,2025-08-11,13,-3.06,USD,OTHER_MERCHANT,OTHER,POS,TX,45–54,75–100k,2025-10-20 17:30:29
9c49c997da9dfae796ad4aacd4cbef99670a8b831e94897caa0b35728185f715,7cdf7c5cf56420712078f73cfcbc0f413db52c7f8e9dc4d18edc1c0c7f7bc3a3,746cfe6119ab6c87f7d185ccccc9e45eee18f2a4177524b9cf33fbb47fd6ca1e,2025-09-01,8,-80.0,USD,WALMART,GROCERIES,POS,TX,45–54,75–100k,2025-10-20 17:30:29
6140c6555094ea6e3a3608e2c68d1fca65b199c306d8cd570486b9025036cd61,7cdf7c5cf56420712078f73cfcbc0f413db52c7f8e9dc4d18edc1c0c7f7bc3a3,746cfe6119ab6c87f7d185ccccc9e45eee18f2a4177524b9cf33fbb47fd6ca1e,2025-08-04,6,-1700.0,USD,RENT,HOUSING,ACH,TX,45–54,75–100k,2025-10-20 17:30:29
91c7a3e7d16a76daa86860e4264f43f1e87e096e5dcde2cb0e24e90c68c59f64,7cdf7c5cf56420712078f73cfcbc0f413db52c7f8e9dc4d18edc1c0c7f7bc3a3,746cfe6119ab6c87f7d185ccccc9e45eee18f2a4177524b9cf33fbb47fd6ca1e,2025-09-29,19,-40.44,USD,OTHER_MERCHANT,OTHER,POS,TX,45–54,75–100k,2025-10-20 17:30:29
9f6be52987986f48d586e0a328fa8bf60ee3a91c99e6a1fccac9dcf77d4f04ea,7cdf7c5cf56420712078f73cfcbc0f413db52c7f8e9dc4d18edc1c0c7f7bc3a3,746cfe6119ab6c87f7d185ccccc9e45eee18f2a4177524b9cf33fbb47fd6ca1e,2025-09-08,13,-27.04,USD,WALMART,GROCERIES,POS,TX,45–54,75–100k,2025-10-20 17:30:29
be96653dfbf1bd32d6d5f18f4c356a093a77e518362203816707d7010ce31cec,7cdf7c5cf56420712078f73cfcbc0f413db52c7f8e9dc4d18edc1c0c7f7bc3a3,746cfe6119ab6c87f7d185ccccc9e45eee18f2a4177524b9cf33fbb47fd6ca1e,2025-10-13,22,-40.24,USD,AMAZON,SHOPPING,ECOM,TX,45–54,75–100k,2025-10-20 17:30:29
04f8e7527e2cc14e651b056b26626d170fe71d34dd8914905e9be09d1cef1ae9,7cdf7c5cf56420712078f73cfcbc0f413db52c7f8e9dc4d18edc1c0c7f7bc3a3,746cfe6119ab6c87f7d185ccccc9e45eee18f2a4177524b9cf33fbb47fd6ca1e,2025-08-18,7,1750.0,USD,ACME PAYROLL,INCOME,ACH,TX,45–54,75–100k,2025-10-20 17:30:29
7ae7a59e99cc1f4092af9a38e70f7e0de1704730c1d030aa3189f635fc875ad1,7cdf7c5cf56420712078f73cfcbc0f413db52c7f8e9dc4d18edc1c0c7f7bc3a3,746cfe6119ab6c87f7d185ccccc9e45eee18f2a4177524b9cf33fbb47fd6ca1e,2025-10-13,19,-85.0,USD,CONED,UTILITIES,ECOM,TX,45–54,75–100k,2025-10-20 17:30:29
84ed80f7fa5eda617adf39d628dd0a8bae224179bddbe3734f3640a20c804ba8,7cdf7c5cf56420712078f73cfcbc0f413db52c7f8e9dc4d18edc1c0c7f7bc3a3,746cfe6119ab6c87f7d185ccccc9e45eee18f2a4177524b9cf33fbb47fd6ca1e,2025-10-20,19,-21.11,USD,UBER,TRANSPORT,ECOM,TX,45–54,75–100k,2025-10-20 17:30:29
f00284098e19db6b6776498635190ed789e4b2fbec516c32fadfb1a925ba86d1,7cdf7c5cf56420712078f73cfcbc0f413db52c7f8e9dc4d18edc1c0c7f7bc3a3,746cfe6119ab6c87f7d185ccccc9e45eee18f2a4177524b9cf33fbb47fd6ca1e,2025-09-29,21,-85.0,USD,VERIZON,UTILITIES,ECOM,TX,45–54,75–100k,2025-10-20 17:30:29
1c5b6535272416f0972104b700c0f15f5429d3489004df7132b4c23465bba94f,7cdf7c5cf56420712078f73cfcbc0f413db52c7f8e9dc4d18edc1c0c7f7bc3a3,746cfe6119ab6c87f7d185ccccc9e45eee18f2a4177524b9cf33fbb47fd6ca1e,2025-10-13,23,-95.0,USD,VERIZON,UTILITIES,ECOM,TX,45–54,75–100k,2025-10-20 17:30:29
492bff50f8eaf5cbf53c4c221a82d5feb7ed8b1afe643ed3741865076c91af58,7cdf7c5cf56420712078f73cfcbc0f413db52c7f8e9dc4d18edc1c0c7f7bc3a3,746cfe6119ab6c87f7d185ccccc9e45eee18f2a4177524b9cf33fbb47fd6ca1e,2025-09-08,5,-2000.0,USD,RENT,HOUSING,ACH,TX,45–54,75–100k,2025-10-20 17:30:29
bc31955bb40c594cc5cbb39891cf7cc6b33e246c7e3d7831350b9a427cde7921,7cdf7c5cf56420712078f73cfcbc0f413db52c7f8e9dc4d18edc1c0c7f7bc3a3,746cfe6119ab6c87f7d185ccccc9e45eee18f2a4177524b9cf33fbb47fd6ca1e,2025-10-20,21,-180.0,USD,DELTA AIR,TRAVEL,ECOM,TX,45–54,75–100k,2025-10-20 17:30:29
95e68943b0c0b2cd430b633c11db873de2377a60e4827ab3ac9ba8715c8674ed,7cdf7c5cf56420712078f73cfcbc0f413db52c7f8e9dc4d18edc1c0c7f7bc3a3,746cfe6119ab6c87f7d185ccccc9e45eee18f2a4177524b9cf33fbb47fd6ca1e,2025-09-29,21,-80.0,USD,VERIZON,UTILITIES,ECOM,TX,45–54,75–100k,2025-10-20 17:30:29
f9617a10d603e89406d5a4e4f1606a97009c82b6b770621e708db9c776e5ff65,7cdf7c5cf56420712078f73cfcbc0f413db52c7f8e9dc4d18edc1c0c7f7bc3a3,746cfe6119ab6c87f7d185ccccc9e45eee18f2a4177524b9cf33fbb47fd6ca1e,2025-08-25,17,-24.12,USD,LYFT,TRANSPORT,ECOM,TX,45–54,75–100k,2025-10-20 17:30:29
af532c9a11855648cb5501d9cfe10f4589ed89004886a98eddd4dd585a933a06,7cdf7c5cf56420712078f73cfcbc0f413db52c7f8e9dc4d18edc1c0c7f7bc3a3,746cfe6119ab6c87f7d185ccccc9e45eee18f2a4177524b9cf33fbb47fd6ca1e,2025-10-13,5,-1775.0,USD,RENT,HOUSING,ACH,TX,45–54,75–100k,2025-10-20 17:30:29
5ad7a0437719ca77c84a9e23b2bc65b5d1080e47a6a4767ffb2be268c49f845f,7cdf7c5cf56420712078f73cfcbc0f413db52c7f8e9dc4d18edc1c0c7f7bc3a3,746cfe6119ab6c87f7d185ccccc9e45eee18f2a4177524b9cf33fbb47fd6ca1e,2025-10-13,19,-205.0,USD,DELTA AIR,TRAVEL,ECOM,TX,45–54,75–100k,2025-10-20 17:30:29
22ebfeb6fcae201cfce2478d464560120bca5033ddd6dc709c67cbb437308457,7cdf7c5cf56420712078f73cfcbc0f413db52c7f8e9dc4d18edc1c0c7f7bc3a3,746cfe6119ab6c87f7d185ccccc9e45eee18f2a4177524b9cf33fbb47fd6ca1e,2025-10-06,18,-110.0,USD,WHOLE FOODS,GROCERIES,POS,TX,45–54,75–100k,2025-10-20 17:30:29
e02a0db1dd5865753ad295e26f1fab4f39cce1db3d1f34da8007ec1680775418,7cdf7c5cf56420712078f73cfcbc0f413db52c7f8e9dc4d18edc1c0c7f7bc3a3,746cfe6119ab6c87f7d185ccccc9e45eee18f2a4177524b9cf33fbb47fd6ca1e,2025-09-15,21,-90.0,USD,VERIZON,UTILITIES,ECOM,TX,45–54,75–100k,2025-10-20 17:30:29
401b8ba701f72827076a5780820b312f423ac5635f1775a5abecb5e86b12b203,7cdf7c5cf56420712078f73cfcbc0f413db52c7f8e9dc4d18edc1c0c7f7bc3a3,746cfe6119ab6c87f7d185ccccc9e45eee18f2a4177524b9cf33fbb47fd6ca1e,2025-09-01,12,-14.25,USD,STARBUCKS,DINING,POS,TX,45–54,75–100k,2025-10-20 17:30:29
9f8833b6ccf951f8f4a6d0362d5f678ef15de90ab937b7ee750735ffc035466f,7cdf7c5cf56420712078f73cfcbc0f413db52c7f8e9dc4d18edc1c0c7f7bc3a3,746cfe6119ab6c87f7d185ccccc9e45eee18f2a4177524b9cf33fbb47fd6ca1e,2025-09-15,20,-85.0,USD,WALMART,GROCERIES,POS,TX,45–54,75–100k,2025-10-20 17:30:29
